Region,Lat,Long_,1/1/2020,1/2/2020,1/3/2020,1/4/2020,1/5/2020,1/6/2020,1/7/2020,1/8/2020,1/9/2020,1/10/2020,1/11/2020,1/12/2020,1/13/2020,1/14/2020,1/15/2020,1/16/2020,1/17/2020,1/18/2020,1/19/2020,1/20/2020,1/21/2020,1/22/2020,1/23/2020,1/24/2020,1/25/2020,1/26/2020,1/27/2020,1/28/2020,1/29/2020,1/30/2020,1/31/2020,2/1/2020,2/2/2020,2/3/2020,2/4/2020,2/5/2020,2/6/2020,2/7/2020,2/8/2020,2/9/2020,2/10/2020,2/11/2020,2/12/2020,2/13/2020,2/14/2020,2/15/2020,2/16/2020,2/17/2020,2/18/2020,2/19/2020,2/20/2020,2/21/2020,2/22/2020,2/23/2020,2/24/2020,2/25/2020,2/26/2020,2/27/2020,2/28/2020,2/29/2020,3/1/2020,3/2/2020,3/3/2020,3/4/2020,3/5/2020,3/6/2020,3/7/2020,3/8/2020,3/9/2020,3/10/2020,3/11/2020,3/12/2020,3/13/2020,3/14/2020,3/15/2020,3/16/2020,3/17/2020,3/18/2020,3/19/2020,3/20/2020,3/21/2020,3/22/2020,3/23/2020,3/24/2020,3/25/2020,3/26/2020,3/27/2020,3/28/2020,3/29/2020,3/30/2020,3/31/2020,4/1/2020,4/2/2020,4/3/2020,4/4/2020,4/5/2020,4/6/2020,4/7/2020,4/8/2020,4/9/2020,4/10/2020,4/11/2020,4/12/2020,4/13/2020,4/14/2020,4/15/2020,4/16/2020,4/17/2020,4/18/2020,4/19/2020,4/20/2020,4/21/2020,4/22/2020,4/23/2020,4/24/2020,4/25/2020,4/26/2020,4/27/2020,4/28/2020,4/29/2020,4/30/2020,5/1/2020,5/2/2020,5/3/2020,5/4/2020,5/5/2020,5/6/2020,5/7/2020,5/8/2020,5/9/2020,5/10/2020,5/11/2020,5/12/2020,5/13/2020,5/14/2020,5/15/2020,5/16/2020,5/17/2020,5/18/2020,5/19/2020,5/20/2020,5/21/2020,5/22/2020,5/23/2020,5/24/2020,5/25/2020,5/26/2020,5/27/2020,5/28/2020,5/29/2020,5/30/2020,5/31/2020,6/1/2020,6/2/2020,6/3/2020,6/4/2020,6/5/2020,6/6/2020,6/7/2020,6/8/2020,6/9/2020,6/10/2020,6/11/2020,6/12/2020,6/13/2020,6/14/2020,6/15/2020,6/16/2020,6/17/2020,6/18/2020,6/19/2020,6/20/2020,6/21/2020,6/22/2020,6/23/2020,6/24/2020,6/25/2020,6/26/2020,6/27/2020,6/28/2020,6/29/2020,6/30/2020,7/1/2020,7/2/2020,7/3/2020,7/4/2020,7/5/2020,7/6/2020,7/7/2020,7/8/2020,7/9/2020,7/10/2020,7/11/2020,7/12/2020,7/13/2020,7/14/2020,7/15/2020,7/16/2020,7/17/2020,7/18/2020,7/19/2020,7/20/2020,7/21/2020,7/22/2020,7/23/2020,7/24/2020,7/25/2020,7/26/2020,7/27/2020,7/28/2020,7/29/2020,7/30/2020,7/31/2020,8/1/2020,8/2/2020,8/3/2020,8/4/2020,8/5/2020,8/6/2020,8/7/2020,8/8/2020,8/9/2020,8/10/2020,8/11/2020,8/12/2020,8/13/2020,8/14/2020,8/15/2020,8/16/2020,8/17/2020,8/18/2020,8/19/2020,8/20/2020,8/21/2020,8/22/2020,8/23/2020,8/24/2020,8/25/2020,8/26/2020,8/27/2020,8/28/2020,8/29/2020,8/30/2020,8/31/2020,9/1/2020,9/2/2020,9/3/2020,9/4/2020,9/5/2020,9/6/2020,9/7/2020,9/8/2020,9/9/2020,9/10/2020,9/11/2020,9/12/2020,9/13/2020,9/14/2020,9/15/2020,9/16/2020,9/17/2020,9/18/2020,9/19/2020,9/20/2020,9/21/2020,9/22/2020,9/23/2020,9/24/2020,9/25/2020,9/26/2020,9/27/2020,9/28/2020,9/29/2020,9/30/2020,10/1/2020,10/2/2020,10/3/2020,10/4/2020,10/5/2020,10/6/2020,10/7/2020,10/8/2020,10/9/2020,10/10/2020,10/11/2020,10/12/2020,10/13/2020,10/14/2020,10/15/2020,10/16/2020,10/17/2020,10/18/2020,10/19/2020,10/20/2020,10/21/2020,10/22/2020,10/23/2020,10/24/2020,10/25/2020,10/26/2020,10/27/2020,10/28/2020,10/29/2020,10/30/2020,10/31/2020,11/1/2020,11/2/2020,11/3/2020,11/4/2020,11/5/2020,11/6/2020,11/7/2020,11/8/2020,11/9/2020,11/10/2020,11/11/2020,11/12/2020,11/13/2020,11/14/2020,11/15/2020,11/16/2020,11/17/2020,11/18/2020,11/19/2020,11/20/2020,11/21/2020,11/22/2020,11/23/2020,11/24/2020,11/25/2020,11/26/2020,11/27/2020,11/28/2020,11/29/2020,11/30/2020,12/1/2020,12/2/2020,12/3/2020,12/4/2020,12/5/2020,12/6/2020,12/7/2020,12/8/2020,12/9/2020,12/10/2020,12/11/2020,12/12/2020,12/13/2020,12/14/2020,12/15/2020,12/16/2020,12/17/2020,12/18/2020,12/19/2020,12/20/2020,12/21/2020,12/22/2020,12/23/2020,12/24/2020,12/25/2020,12/26/2020,12/27/2020,12/28/2020,12/29/2020,12/30/2020,12/31/2020,1/1/2021,1/2/2021,1/3/2021,1/4/2021,1/5/2021,1/6/2021,1/7/2021,1/8/2021,1/9/2021,1/10/2021,1/11/2021,1/12/2021,1/13/2021,1/14/2021,1/15/2021,1/16/2021,1/17/2021,1/18/2021,1/19/2021,1/20/2021,1/21/2021,1/22/2021,1/23/2021,1/24/2021,1/25/2021,1/26/2021,1/27/2021,1/28/2021,1/29/2021,1/30/2021,1/31/2021,2/1/2021,2/2/2021,2/3/2021,2/4/2021,2/5/2021,2/6/2021,2/7/2021,2/8/2021,2/9/2021,2/10/2021,2/11/2021,2/12/2021,2/13/2021,2/14/2021,2/15/2021,2/16/2021,2/17/2021,2/18/2021,2/19/2021,2/20/2021,2/21/2021,2/22/2021,2/23/2021,2/24/2021,2/25/2021,2/26/2021,2/27/2021,2/28/2021,3/1/2021,3/2/2021,3/3/2021,3/4/2021,3/5/2021,3/6/2021,3/7/2021,3/8/2021,3/9/2021,3/10/2021,3/11/2021,3/12/2021,3/13/2021,3/14/2021,3/15/2021,3/16/2021,3/17/2021,3/18/2021,3/19/2021,3/20/2021,3/21/2021,3/22/2021,3/23/2021,3/24/2021,3/25/2021,3/26/2021,3/27/2021,3/28/2021,3/29/2021,3/30/2021,3/31/2021,4/1/2021,4/2/2021,4/3/2021,4/4/2021,4/5/2021,4/6/2021,4/7/2021,4/8/2021,4/9/2021,4/10/2021,4/11/2021,4/12/2021,4/13/2021,4/14/2021,4/15/2021,4/16/2021,4/17/2021,4/18/2021,4/19/2021,4/20/2021,4/21/2021,4/22/2021,4/23/2021,4/24/2021,4/25/2021,4/26/2021,4/27/2021,4/28/2021,4/29/2021,4/30/2021,5/1/2021,5/2/2021,5/3/2021,5/4/2021,5/5/2021,5/6/2021,5/7/2021,5/8/2021,5/9/2021,5/10/2021,5/11/2021,5/12/2021,5/13/2021,5/14/2021,5/15/2021,5/16/2021,5/17/2021,5/18/2021,5/19/2021,5/20/2021,5/21/2021,5/22/2021,5/23/2021,5/24/2021,5/25/2021,5/26/2021,5/27/2021,5/28/2021,5/29/2021,5/30/2021,5/31/2021,6/1/2021,6/2/2021,6/3/2021,6/4/2021,6/5/2021,6/6/2021,6/7/2021,6/8/2021,6/9/2021,6/10/2021,6/11/2021,6/12/2021,6/13/2021,6/14/2021,6/15/2021,6/16/2021,6/17/2021,6/18/2021,6/19/2021,6/20/2021,6/21/2021,6/22/2021,6/23/2021,6/24/2021,6/25/2021,6/26/2021,6/27/2021,6/28/2021,6/29/2021,6/30/2021,7/1/2021,7/2/2021,7/3/2021,7/4/2021,7/5/2021,7/6/2021,7/7/2021,7/8/2021,7/9/2021,7/10/2021,7/11/2021,7/12/2021,7/13/2021,7/14/2021,7/15/2021,7/16/2021,7/17/2021,7/18/2021,7/19/2021,7/20/2021,7/21/2021,7/22/2021,7/23/2021,7/24/2021,7/25/2021,7/26/2021,7/27/2021,7/28/2021,7/29/2021,7/30/2021,7/31/2021,8/1/2021,8/2/2021,8/3/2021,8/4/2021,8/5/2021,8/6/2021,8/7/2021,8/8/2021,8/9/2021,8/10/2021,8/11/2021,8/12/2021,8/13/2021,8/14/2021,8/15/2021,8/16/2021,8/17/2021,8/18/2021,8/19/2021,8/20/2021,8/21/2021,8/22/2021,8/23/2021,8/24/2021,8/25/2021,8/26/2021,8/27/2021,8/28/2021,8/29/2021,8/30/2021,8/31/2021,9/1/2021,9/2/2021,9/3/2021,9/4/2021,9/5/2021,9/6/2021,9/7/2021,9/8/2021,9/9/2021,9/10/2021,9/11/2021,9/12/2021,9/13/2021,9/14/2021,9/15/2021,9/16/2021,9/17/2021,9/18/2021,9/19/2021,9/20/2021,9/21/2021,9/22/2021,9/23/2021,9/24/2021,9/25/2021,9/26/2021,9/27/2021,9/28/2021,9/29/2021,9/30/2021
Erongo,22.2566,15.4068,0,0,0,0,0,0,0,0,0,0,0,0,0,0,0,0,0,0,0,0,0,0,0,0,0,0,0,0,0,0,0,0,0,0,0,0,0,0,0,0,0,0,0,0,0,0,0,0,0,0,0,0,0,0,0,0,0,0,0,0,0,0,0,0,0,0,0,0,0,0,0,0,0,0,0,0,0,0,0,0,0,0,0,0,0,0,0,0,0,0,0,0,0,0,0,0,0,0,0,0,0,0,0,0,0,0,0,0,0,0,0,0,0,0,0,0,0,0,0,0,0,0,0,0,0,0,0,0,0,0,0,0,0,0,0,0,0,0,0,0,0,0,0,0,0,0,0,0,0,0,0,0,0,0,0,0,0,0,0,0,0,0,0,0,0,0,0,0,0,0,0,0,0,0,0,0,0,0,0,0,0,0,0,0,0,0,0,0,0,0,1,1,1,1,2,2,2,2,2,3,4,7,7,7,7,7,8,8,8,9,9,9,10,10,10,10,10,13,13,13,14,14,14,16,20,21,22,22,22,22,22,22,22,25,25,26,26,27,27,28,28,28,29,30,30,31,31,31,31,32,32,32,32,32,32,32,33,34,35,35,35,35,36,36,37,37,37,37,37,37,37,37,37,38,38,38,38,38,38,38,38,38,38,38,38,38,38,38,38,38,38,38,38,39,39,39,39,39,39,39,39,39,39,39,39,39,39,39,39,39,39,39,39,39,39,39,40,40,40,40,41,41,41,41,41,41,41,41,41,41,41,41,41,41,41,41,41,41,41,41,41,42,42,42,42,42,42,42,43,43,43,43,43,44,44,44,44,46,46,46,48,48,49,49,52,53,53,53,54,55,56,58,59,60,60,62,62,64,66,69,69,69,70,70,71,73,73,74,74,74,75,76,76,76,77,77,77,79,79,79,80,80,80,80,80,81,81,83,83,85,85,87,87,87,87,87,87,87,88,89,89,89,89,90,90,90,90,90,90,90,90,91,91,93,93,93,93,93,93,95,96,96,97,98,98,98,98,98,98,99,99,99,99,102,102,102,102,103,105,105,105,105,106,107,108,108,108,111,112,112,112,113,114,114,114,115,118,119,120,121,122,122,124,124,124,126,126,126,127,129,131,134,134,134,135,135,135,136,136,136,138,138,141,142,142,143,144,145,145,146,147,148,148,148,149,149,151,151,152,155,156,157,158,159,159,159,159,162,162,165,165,167,170,173,175,175,175,182,196,198,204,212,218,220,228,239,249,257,264,266,269,278,283,293,296,300,305,308,315,316,325,332,335,337,341,344,350,352,356,358,358,369,369,377,379,383,383,383,383,384,387,389,390,390,390,390,393,393,394,394,394,394,394,398,398,399,401,401,402,402,402,403,403,403,403,403,404,405,406,406,407,407,407,407,407,407,407,407,408,408,408,408,408,408,408,408,408,408,408,410,410,410,410,410,410,410,410,410,410
Hardap,24.231,17.6689,0,0,0,0,0,0,0,0,0,0,0,0,0,0,0,0,0,0,0,0,0,0,0,0,0,0,0,0,0,0,0,0,0,0,0,0,0,0,0,0,0,0,0,0,0,0,0,0,0,0,0,0,0,0,0,0,0,0,0,0,0,0,0,0,0,0,0,0,0,0,0,0,0,0,0,0,0,0,0,0,0,0,0,0,0,0,0,0,0,0,0,0,0,0,0,0,0,0,0,0,0,0,0,0,0,0,0,0,0,0,0,0,0,0,0,0,0,0,0,0,0,0,0,0,0,0,0,0,0,0,0,0,0,0,0,0,0,0,0,0,0,0,0,0,0,0,0,0,0,0,0,0,0,0,0,0,0,0,0,0,0,0,0,0,0,0,0,0,0,0,0,0,0,0,0,0,0,0,0,0,0,0,0,0,0,0,0,0,0,0,0,0,0,0,0,0,0,0,0,0,0,0,0,0,0,0,0,0,0,0,0,0,0,0,0,0,0,0,0,0,0,0,0,0,0,0,0,0,0,0,0,0,0,0,1,1,1,1,1,1,1,1,1,4,4,4,4,4,4,4,4,4,4,4,4,4,4,4,4,4,4,4,4,4,4,4,4,4,4,4,4,4,4,4,4,4,4,4,4,4,4,4,4,4,4,4,4,4,4,4,4,4,4,4,4,4,4,4,4,4,4,4,4,4,4,4,4,4,4,4,4,4,4,4,4,5,5,5,5,5,5,5,5,5,6,7,7,7,7,7,7,7,7,7,7,7,7,7,7,7,7,7,7,7,7,7,7,7,7,7,7,7,7,7,7,7,7,7,7,7,7,7,7,7,7,7,7,7,7,7,8,8,8,8,8,8,8,8,8,8,8,8,8,8,8,8,8,8,8,8,8,8,8,10,11,12,12,12,12,12,12,12,12,12,13,13,13,13,14,14,14,14,14,14,15,15,15,16,16,16,16,16,16,16,17,18,18,18,18,18,18,18,20,20,20,20,20,20,20,23,23,23,24,25,25,25,25,26,26,26,29,29,29,29,29,29,30,30,30,30,31,33,34,34,34,34,35,35,35,35,35,35,36,36,37,37,39,39,39,39,40,43,43,43,43,45,45,46,46,46,47,47,47,47,47,47,47,47,47,48,50,52,52,52,52,52,52,52,54,54,57,57,58,58,59,59,59,59,59,64,64,64,64,68,68,76,76,77,77,78,78,79,91,100,103,103,103,103,122,125,130,137,137,141,141,141,141,154,154,154,155,157,157,160,164,176,176,176,177,177,177,178,179,179,179,194,194,213,219,226,236,243,243,247,247,247,247,247,247,251,251,251,251,254,254,254,254,254,254,254,254,254,254,254,254,254,256,256,256,256,256,256,256,256,256,256,256,256,256,257,257,257,257,257,257,257,257,257,257,257,257,257,257,257,257,257,257,257,257,257,257,257,257,257,257,257,257,257,257
Karas,26.843,17.2903,0,0,0,0,0,0,0,0,0,0,0,0,0,0,0,0,0,0,0,0,0,0,0,0,0,0,0,0,0,0,0,0,0,0,0,0,0,0,0,0,0,0,0,0,0,0,0,0,0,0,0,0,0,0,0,0,0,0,0,0,0,0,0,0,0,0,0,0,0,0,0,0,0,0,0,0,0,0,0,0,0,0,0,0,0,0,0,0,0,0,0,0,0,0,0,0,0,0,0,0,0,0,0,0,0,0,0,0,0,0,0,0,0,0,0,0,0,0,0,0,0,0,0,0,0,0,0,0,0,0,0,0,0,0,0,0,0,0,0,0,0,0,0,0,0,0,0,0,0,0,0,0,0,0,0,0,0,0,0,0,0,0,0,0,0,0,0,0,0,0,0,0,0,0,0,0,0,0,0,0,0,0,0,0,0,0,0,0,0,0,0,0,0,0,0,0,0,0,0,0,0,0,0,0,0,0,0,0,0,0,0,0,0,0,0,0,0,0,0,0,0,0,0,0,0,0,0,0,0,0,0,0,0,0,0,1,1,1,1,1,1,2,2,2,2,2,2,2,3,3,3,4,4,4,4,4,4,4,4,4,4,4,4,4,4,4,4,4,4,4,4,4,4,4,4,4,4,4,4,4,4,4,4,4,4,4,4,4,4,4,4,4,4,4,4,4,4,4,4,4,4,4,4,4,4,4,4,4,4,4,5,5,5,5,5,5,5,5,5,5,5,5,5,5,5,5,5,5,5,5,5,5,5,5,5,5,5,5,5,5,5,5,5,5,6,6,6,6,6,6,6,6,6,6,7,7,7,7,7,7,7,7,7,7,8,9,10,12,12,12,13,13,14,16,17,17,17,17,17,17,17,17,17,17,17,17,17,17,17,17,18,19,19,19,19,19,19,19,19,20,22,22,22,22,22,22,23,23,23,23,23,24,26,26,26,26,26,26,27,27,27,27,28,28,28,28,29,30,30,30,30,30,30,30,30,31,31,31,31,33,33,34,34,34,34,34,34,34,34,34,34,35,35,35,35,37,37,37,37,37,37,37,38,38,38,38,39,39,39,40,40,40,40,40,40,40,41,41,41,41,42,42,42,43,43,43,43,43,43,43,43,43,43,44,44,44,46,46,46,48,48,48,48,49,50,50,52,53,53,53,53,53,54,57,57,58,59,59,61,61,61,61,61,61,67,67,67,68,68,68,75,75,75,79,79,84,84,84,90,91,91,92,92,92,92,92,92,92,95,95,95,95,95,118,120,122,122,122,122,122,125,127,127,127,127,127,127,127,135,135,135,135,135,135,135,135,139,139,139,139,139,139,140,140,141,141,141,141,141,141,141,141,141,141,141,141,141,141,141,141,141,141,141,141,141,141,141,141,142,144,144,144,144,144,144,144,144,144,144,144,144,144,144,144,144,144,145,145,145,145,145,145,145,145,145,145,146,147,147
Kavango East,18.1859,20.3459,0,0,0,0,0,0,0,0,0,0,0,0,0,0,0,0,0,0,0,0,0,0,0,0,0,0,0,0,0,0,0,0,0,0,0,0,0,0,0,0,0,0,0,0,0,0,0,0,0,0,0,0,0,0,0,0,0,0,0,0,0,0,0,0,0,0,0,0,0,0,0,0,0,0,0,0,0,0,0,0,0,0,0,0,0,0,0,0,0,0,0,0,0,0,0,0,0,0,0,0,0,0,0,0,0,0,0,0,0,0,0,0,0,0,0,0,0,0,0,0,0,0,0,0,0,0,0,0,0,0,0,0,0,0,0,0,0,0,0,0,0,0,0,0,0,0,0,0,0,0,0,0,0,0,0,0,0,0,0,0,0,0,0,0,0,0,0,0,0,0,0,0,0,0,0,0,0,0,0,0,0,0,0,0,0,0,0,0,0,0,0,0,0,0,0,0,0,0,0,0,0,0,0,0,0,0,0,0,0,0,0,0,0,0,0,0,0,0,0,0,0,0,0,0,0,0,0,0,0,0,0,0,0,0,1,1,2,2,2,2,2,2,2,2,2,2,2,2,2,2,2,2,2,2,2,3,3,3,3,3,3,3,3,3,3,3,3,3,3,3,3,3,3,3,3,3,3,3,3,3,3,3,3,3,3,3,3,3,3,3,3,3,3,3,3,3,3,3,3,3,3,3,3,3,3,3,3,3,3,3,3,3,3,3,3,3,3,3,3,3,3,3,3,3,3,3,3,3,3,3,3,3,3,3,3,3,3,3,3,3,3,3,3,3,3,3,3,3,3,3,3,3,3,3,3,3,3,3,3,3,3,3,3,3,3,3,3,3,4,4,4,4,4,4,4,4,4,4,4,5,5,5,6,6,6,6,6,9,9,9,9,9,9,10,10,10,10,10,10,10,10,10,11,11,11,11,13,13,13,13,13,13,13,13,13,13,13,13,13,13,14,15,15,15,15,15,15,15,15,15,15,15,15,16,17,18,18,18,18,18,19,21,21,21,21,21,21,21,21,21,21,21,22,23,23,23,23,23,23,23,23,23,23,23,23,23,23,23,23,23,23,23,23,23,23,23,23,24,24,24,24,24,24,24,24,24,24,24,24,24,24,24,24,24,24,24,24,24,24,24,24,24,24,24,24,24,24,24,24,25,25,25,25,25,25,25,25,25,25,25,25,26,26,26,26,26,27,27,28,29,29,29,29,29,30,30,30,32,34,34,34,34,34,34,34,38,40,44,44,44,44,50,62,63,63,63,63,84,91,91,91,92,99,109,109,112,119,119,121,135,135,135,147,148,157,165,165,165,165,165,165,172,172,172,172,172,172,172,174,174,174,175,175,175,175,175,176,176,176,176,176,176,176,176,176,176,176,178,180,181,183,183,183,183,186,186,186,188,188,188,188,188,188,188,191,191,191,193,195,195,195,195,195,195,195,195,195,195,195
Kavango West,18.15,18.55,0,0,0,0,0,0,0,0,0,0,0,0,0,0,0,0,0,0,0,0,0,0,0,0,0,0,0,0,0,0,0,0,0,0,0,0,0,0,0,0,0,0,0,0,0,0,0,0,0,0,0,0,0,0,0,0,0,0,0,0,0,0,0,0,0,0,0,0,0,0,0,0,0,0,0,0,0,0,0,0,0,0,0,0,0,0,0,0,0,0,0,0,0,0,0,0,0,0,0,0,0,0,0,0,0,0,0,0,0,0,0,0,0,0,0,0,0,0,0,0,0,0,0,0,0,0,0,0,0,0,0,0,0,0,0,0,0,0,0,0,0,0,0,0,0,0,0,0,0,0,0,0,0,0,0,0,0,0,0,0,0,0,0,0,0,0,0,0,0,0,0,0,0,0,0,0,0,0,0,0,0,0,0,0,0,0,0,0,0,0,0,0,0,0,0,0,0,0,0,0,0,0,0,0,0,0,0,0,0,0,0,0,0,0,0,0,0,0,0,0,0,0,0,0,0,0,0,0,0,0,0,0,0,0,0,0,0,0,0,0,0,1,1,1,1,1,1,1,1,1,1,1,1,1,1,1,1,1,1,1,1,1,1,1,1,1,1,1,1,1,1,1,1,1,1,1,1,1,1,1,1,1,1,1,1,1,1,1,1,1,1,1,1,1,1,1,1,1,1,1,1,1,1,1,1,1,1,1,1,1,1,1,1,1,1,1,1,1,1,1,1,1,1,1,1,1,1,1,1,1,1,1,1,1,1,1,1,1,1,1,1,1,1,1,1,1,1,1,1,1,1,1,1,1,1,1,1,1,1,1,1,1,1,1,1,1,1,1,1,1,1,1,1,1,1,1,1,1,1,1,1,1,1,1,1,1,1,1,1,1,1,1,1,1,2,2,2,2,2,2,2,2,2,2,2,2,2,2,2,2,2,2,2,2,2,2,2,2,2,2,2,2,2,2,2,2,2,2,2,2,2,2,2,2,2,2,2,2,2,2,2,2,2,2,2,2,2,2,2,2,2,2,2,2,2,2,2,2,2,2,2,2,2,2,2,2,2,2,2,2,2,2,2,2,2,2,2,2,2,2,2,2,2,2,2,2,2,2,2,2,2,2,2,2,2,2,2,2,2,2,2,2,2,2,2,2,2,2,2,2,2,2,2,2,2,2,2,3,3,3,3,3,3,3,3,3,3,3,3,3,3,3,3,3,3,3,3,3,3,3,3,3,3,3,3,4,4,4,4,4,4,4,4,4,4,5,5,5,5,5,6,6,7,7,7,7,7,7,7,10,10,10,11,11,11,11,11,12,12,12,12,12,12,12,12,13,13,13,14,14,15,15,15,16,16,16,16,18,18,18,18,18,18,18,18,18,18,18,18,18,18,18,18,18,18,18,18,18,18,18,18,18,18,18,18,18,18,18,18,18,18,18,18,18,18,18,18,18,18
Khomas,22.6378,17.1012,0,0,0,0,0,0,0,0,0,0,0,0,0,0,0,0,0,0,0,0,0,0,0,0,0,0,0,0,0,0,0,0,0,0,0,0,0,0,0,0,0,0,0,0,0,0,0,0,0,0,0,0,0,0,0,0,0,0,0,0,0,0,0,0,0,0,0,0,0,0,0,0,0,0,0,0,0,0,0,0,0,0,0,0,0,0,0,0,0,0,0,0,0,0,0,0,0,0,0,0,0,0,0,0,0,0,0,0,0,0,0,0,0,0,0,0,0,0,0,0,0,0,0,0,0,0,0,0,0,0,0,0,0,0,0,0,0,0,0,0,0,0,0,0,0,0,0,0,0,0,0,0,0,0,0,0,0,0,0,0,0,0,0,0,0,0,0,0,0,0,0,0,0,0,0,0,0,0,0,0,0,0,0,0,0,0,0,0,0,0,0,0,0,0,0,0,0,0,0,0,0,0,0,0,0,0,0,0,0,0,1,1,1,1,2,2,2,2,3,3,5,5,5,6,7,10,13,13,14,14,15,17,18,18,21,23,23,24,25,29,33,35,35,37,38,40,40,40,41,42,42,43,46,47,47,48,49,51,52,52,52,54,54,55,56,57,58,58,58,58,59,59,59,60,60,60,60,62,62,62,63,63,64,64,65,65,66,66,66,66,66,66,67,67,67,67,67,67,67,67,67,67,67,67,67,67,67,67,67,67,67,67,67,67,67,67,68,68,68,68,69,69,70,71,71,71,71,71,71,73,73,73,73,73,73,73,73,74,74,74,74,74,75,77,77,77,77,80,80,80,80,80,81,85,87,87,88,89,89,89,91,93,94,95,96,96,100,100,101,103,110,111,112,112,114,118,119,121,121,122,122,126,128,128,130,133,133,135,136,136,140,141,141,141,142,142,142,143,145,149,150,151,153,153,153,153,154,154,154,154,154,154,154,154,154,155,155,156,157,157,157,158,158,159,161,162,165,165,165,165,165,165,167,167,167,167,167,167,170,171,172,175,175,175,175,176,176,176,176,176,176,176,177,179,182,185,186,187,189,190,192,196,198,199,200,204,206,209,212,213,216,217,217,217,220,220,220,220,220,220,220,223,225,226,227,228,230,235,236,237,239,242,242,247,248,249,252,252,252,254,258,258,263,263,267,269,270,270,275,277,283,285,290,292,294,296,298,303,310,322,326,328,332,338,341,346,348,360,361,369,388,399,404,412,422,425,425,449,451,461,473,485,492,501,526,530,539,540,542,546,564,593,619,643,646,678,686,710,727,734,737,740,753,755,758,761,764,769,775,777,782,784,791,794,798,803,804,808,810,817,819,819,822,822,823,825,832,833,834,834,835,836,836,838,839,840,840,843,843,843,843,843,843,843,844,844,844,847,848,848,849,850,850,851,851,851,851,852,852,853,853,853,853,854,854,854,854,855,856,856,856,858,858,858,858,858,858,858,858
Kunene,19.4086,13.9144,0,0,0,0,0,0,0,0,0,0,0,0,0,0,0,0,0,0,0,0,0,0,0,0,0,0,0,0,0,0,0,0,0,0,0,0,0,0,0,0,0,0,0,0,0,0,0,0,0,0,0,0,0,0,0,0,0,0,0,0,0,0,0,0,0,0,0,0,0,0,0,0,0,0,0,0,0,0,0,0,0,0,0,0,0,0,0,0,0,0,0,0,0,0,0,0,0,0,0,0,0,0,0,0,0,0,0,0,0,0,0,0,0,0,0,0,0,0,0,0,0,0,0,0,0,0,0,0,0,0,0,0,0,0,0,0,0,0,0,0,0,0,0,0,0,0,0,0,0,0,0,0,0,0,0,0,0,0,0,0,0,0,0,0,0,0,0,0,0,0,0,0,0,0,0,0,0,0,0,0,0,0,0,0,0,0,0,0,0,0,0,0,0,0,0,0,0,0,0,0,0,0,0,0,0,0,0,0,0,0,0,0,0,0,0,0,0,0,0,0,0,0,0,0,0,0,0,0,0,0,0,0,0,0,0,0,0,0,0,0,0,0,0,0,0,0,0,0,0,0,0,0,0,0,0,0,0,0,0,0,0,0,0,0,0,0,0,0,0,0,0,0,0,0,0,0,0,0,0,0,0,0,0,0,0,0,0,0,0,0,0,0,0,0,0,0,0,0,0,0,0,0,0,0,0,0,0,0,0,0,0,0,0,0,0,0,0,0,0,0,0,0,0,0,0,0,0,0,0,0,1,1,1,1,1,1,1,1,1,1,1,1,1,1,2,2,2,2,2,2,2,2,2,3,3,3,3,3,3,3,3,3,3,3,4,4,4,4,4,4,4,4,5,5,5,5,5,5,5,5,5,5,5,5,5,5,5,5,5,5,5,5,5,5,5,5,5,5,5,5,5,5,5,5,6,6,6,6,7,7,7,7,7,7,8,8,8,8,8,8,8,8,8,9,9,9,9,9,9,9,9,9,9,9,9,9,9,9,9,10,10,10,10,11,11,11,11,11,11,11,11,11,11,12,12,12,13,13,13,13,13,13,14,14,14,14,14,14,14,14,14,14,14,14,14,14,15,15,15,15,15,15,15,15,15,15,15,15,15,15,15,15,15,15,15,16,16,16,16,16,16,16,16,16,16,16,16,16,16,16,16,16,16,16,16,16,17,17,17,17,18,19,20,20,20,20,20,20,20,20,20,20,20,20,20,20,20,21,21,21,21,21,21,21,24,24,26,26,26,26,28,28,29,29,29,30,30,30,35,35,38,39,39,43,43,44,45,47,47,49,52,53,57,59,61,65,65,65,65,65,70,70,70,70,70,70,70,70,70,70,70,70,70,70,82,83,83,83,85,85,85,87,90,91,91,91,92,92,92,92,92,92,92,92,94,96,96,98,98,98,98,107,108,109,109,109,109,109,109,117,117,117,117,117,117,119,119,119,119
Ohangwena,17.5979,16.8178,0,0,0,0,0,0,0,0,0,0,0,0,0,0,0,0,0,0,0,0,0,0,0,0,0,0,0,0,0,0,0,0,0,0,0,0,0,0,0,0,0,0,0,0,0,0,0,0,0,0,0,0,0,0,0,0,0,0,0,0,0,0,0,0,0,0,0,0,0,0,0,0,0,0,0,0,0,0,0,0,0,0,0,0,0,0,0,0,0,0,0,0,0,0,0,0,0,0,0,0,0,0,0,0,0,0,0,0,0,0,0,0,0,0,0,0,0,0,0,0,0,0,0,0,0,0,0,0,0,0,0,0,0,0,0,0,0,0,0,0,0,0,0,0,0,0,0,0,0,0,0,0,0,0,0,0,0,0,0,0,0,0,0,0,0,0,0,0,0,0,0,0,0,0,0,0,0,0,0,0,0,0,0,0,0,0,0,0,0,0,0,0,0,0,0,0,0,0,0,0,0,0,0,0,0,0,0,0,0,0,0,0,0,0,0,0,0,0,0,0,0,0,0,0,0,0,0,0,0,0,0,0,1,1,1,1,1,1,1,1,1,1,1,1,1,1,1,1,1,1,1,1,2,2,2,2,2,2,2,2,2,2,2,2,2,2,2,2,2,2,2,2,2,2,2,2,2,2,2,2,2,2,2,2,2,2,2,2,2,2,2,2,2,2,2,2,2,2,2,2,2,2,2,2,2,2,2,2,2,2,2,2,2,2,2,2,2,2,2,2,2,2,2,2,2,2,2,2,2,2,2,2,2,2,2,2,2,2,2,2,2,2,2,2,2,2,2,2,2,2,2,2,2,2,2,2,2,2,2,2,2,2,2,2,2,2,2,2,2,2,2,2,2,2,2,2,2,2,2,2,2,2,2,3,3,3,4,4,4,4,4,4,4,4,8,9,9,9,10,10,12,12,12,12,12,12,12,12,12,12,12,12,12,12,12,12,12,12,13,13,13,13,13,13,13,13,13,13,13,13,13,13,13,13,13,13,13,13,13,13,13,13,13,13,13,13,15,15,15,16,16,16,16,16,16,16,16,16,16,16,16,16,16,16,16,16,16,16,16,16,16,16,16,16,16,16,16,16,16,16,16,16,16,16,16,16,16,16,16,16,16,17,17,17,17,17,17,17,17,17,17,17,17,17,17,19,19,19,19,20,20,20,20,20,20,21,22,22,23,23,23,23,23,23,23,25,25,25,25,25,27,27,31,32,32,32,32,35,35,35,35,39,39,39,42,43,43,45,45,45,45,45,45,49,49,50,52,52,60,60,63,65,68,68,68,76,80,84,86,90,91,91,94,94,97,104,107,107,107,110,111,111,114,114,114,114,118,119,121,121,121,121,123,125,125,125,125,126,126,126,126,130,130,130,130,130,130,132,132,132,132,132,132,132,132,133,136,136,137,137,138,138,140,142,142,142,142,142,143,143,144,144,145,145,145,146,147,147,147
Omaheke,21.8467,19.188,0,0,0,0,0,0,0,0,0,0,0,0,0,0,0,0,0,0,0,0,0,0,0,0,0,0,0,0,0,0,0,0,0,0,0,0,0,0,0,0,0,0,0,0,0,0,0,0,0,0,0,0,0,0,0,0,0,0,0,0,0,0,0,0,0,0,0,0,0,0,0,0,0,0,0,0,0,0,0,0,0,0,0,0,0,0,0,0,0,0,0,0,0,0,0,0,0,0,0,0,0,0,0,0,0,0,0,0,0,0,0,0,0,0,0,0,0,0,0,0,0,0,0,0,0,0,0,0,0,0,0,0,0,0,0,0,0,0,0,0,0,0,0,0,0,0,0,0,0,0,0,0,0,0,0,0,0,0,0,0,0,0,0,0,0,0,0,0,0,0,0,0,0,0,0,0,0,0,0,0,0,0,0,0,0,0,0,0,0,0,0,0,0,0,0,0,0,0,0,0,0,0,0,0,0,0,0,0,0,0,0,0,0,0,0,0,0,0,0,0,0,0,0,0,0,0,0,0,0,0,1,1,1,1,1,1,1,1,1,1,1,1,1,1,1,1,1,1,1,1,1,1,1,1,1,1,1,1,1,1,1,1,1,1,1,1,1,1,2,2,2,2,2,2,2,2,2,2,2,2,2,2,2,2,2,2,2,2,3,3,3,3,3,3,3,3,3,3,3,3,3,3,3,3,3,3,3,3,3,3,3,3,3,3,3,3,3,3,3,3,3,3,3,3,3,3,3,3,3,3,4,4,4,4,4,4,4,4,4,4,4,4,4,4,4,4,4,4,4,4,4,4,5,5,5,5,5,5,5,5,5,5,5,5,5,5,5,5,5,5,7,7,7,7,7,7,7,8,8,8,8,8,8,8,8,8,8,8,8,8,8,8,8,9,9,9,9,9,9,9,9,9,9,9,9,9,9,9,9,9,9,9,9,9,9,9,9,9,9,9,10,10,11,11,11,11,11,11,11,11,11,11,11,11,11,11,11,11,11,11,11,11,11,12,12,12,12,13,13,13,14,14,14,14,14,14,14,14,14,14,14,14,14,14,14,14,14,14,14,14,14,14,14,14,14,14,14,14,14,14,14,14,14,14,14,15,15,15,15,15,15,15,15,15,15,16,16,16,16,16,16,19,20,20,25,25,25,25,25,25,25,25,25,25,27,28,32,32,33,33,33,34,34,34,34,34,34,34,34,34,34,46,48,48,48,48,48,48,48,48,48,70,94,94,95,95,95,95,95,95,95,95,95,103,103,116,116,126,160,165,192,214,218,218,218,218,219,231,231,231,231,231,231,231,231,235,235,235,235,239,239,239,239,241,244,244,244,245,245,245,245,245,245,246,246,247,247,249,249,249,249,249,249,249,249,249,249,249,249,249,250,250,250,250,250,250,250,250,250,250,250,250,250,250,250,250,250,250,250,250,250,250,251,251,251,251,251,251,251
Omusati,18.407,14.8455,0,0,0,0,0,0,0,0,0,0,0,0,0,0,0,0,0,0,0,0,0,0,0,0,0,0,0,0,0,0,0,0,0,0,0,0,0,0,0,0,0,0,0,0,0,0,0,0,0,0,0,0,0,0,0,0,0,0,0,0,0,0,0,0,0,0,0,0,0,0,0,0,0,0,0,0,0,0,0,0,0,0,0,0,0,0,0,0,0,0,0,0,0,0,0,0,0,0,0,0,0,0,0,0,0,0,0,0,0,0,0,0,0,0,0,0,0,0,0,0,0,0,0,0,0,0,0,0,0,0,0,0,0,0,0,0,0,0,0,0,0,0,0,0,0,0,0,0,0,0,0,0,0,0,0,0,0,0,0,0,0,0,0,0,0,0,0,0,0,0,0,0,0,0,0,0,0,0,0,0,0,0,0,0,0,0,0,0,0,0,0,0,0,0,0,0,0,0,0,0,0,0,0,0,0,0,0,0,0,0,0,0,0,0,0,0,0,0,0,0,0,0,0,0,0,0,0,0,0,0,0,0,0,0,0,0,0,0,0,0,0,0,0,0,0,0,1,1,1,1,1,1,1,1,1,1,1,1,1,1,1,1,1,1,1,1,1,1,1,1,1,1,1,1,1,1,1,1,1,1,1,1,1,1,1,1,1,1,1,1,1,1,1,1,1,1,1,1,1,1,1,1,1,1,1,1,1,1,1,1,1,1,1,1,1,1,1,1,1,1,1,1,1,1,1,1,1,1,1,1,1,1,1,1,1,1,1,1,1,1,1,1,1,1,1,1,1,1,1,1,1,1,1,1,1,1,2,3,3,3,3,3,3,3,3,3,3,3,3,3,3,3,3,3,3,3,3,3,3,3,3,3,3,4,4,4,4,4,4,4,4,4,4,4,4,4,4,4,4,4,4,4,4,4,4,4,4,4,4,4,4,4,4,4,4,4,4,4,4,5,5,5,5,5,5,5,5,5,5,5,5,5,5,5,5,6,7,7,7,7,7,7,7,7,7,8,8,8,8,8,8,8,8,8,8,8,8,8,8,8,8,8,8,8,9,9,9,9,9,9,9,9,9,9,9,9,9,9,9,9,9,9,9,10,10,10,10,10,11,11,11,11,11,11,11,11,11,11,11,11,11,11,11,11,11,11,11,11,12,12,12,12,12,12,12,12,15,15,15,15,15,15,15,15,16,16,16,16,16,16,17,19,20,20,20,20,20,20,24,24,28,28,28,29,30,32,32,32,37,38,38,38,44,44,44,48,53,58,64,64,64,84,84,84,87,97,110,110,111,118,118,120,130,138,138,144,144,146,146,146,158,160,164,167,167,167,169,176,183,190,191,191,191,192,194,199,199,200,200,200,201,205,208,208,208,208,208,209,209,210,211,213,213,213,214,214,215,215,215,215,215,215,220,220,222,222,222,222,222,222,223,223,223,223,223,223,224,226,226
Oshana,18.4305,15.6882,0,0,0,0,0,0,0,0,0,0,0,0,0,0,0,0,0,0,0,0,0,0,0,0,0,0,0,0,0,0,0,0,0,0,0,0,0,0,0,0,0,0,0,0,0,0,0,0,0,0,0,0,0,0,0,0,0,0,0,0,0,0,0,0,0,0,0,0,0,0,0,0,0,0,0,0,0,0,0,0,0,0,0,0,0,0,0,0,0,0,0,0,0,0,0,0,0,0,0,0,0,0,0,0,0,0,0,0,0,0,0,0,0,0,0,0,0,0,0,0,0,0,0,0,0,0,0,0,0,0,0,0,0,0,0,0,0,0,0,0,0,0,0,0,0,0,0,0,0,0,0,0,0,0,0,0,0,0,0,0,0,0,0,0,0,0,0,0,0,0,0,0,0,0,0,0,0,0,0,0,0,0,0,0,0,0,0,0,0,0,0,0,0,0,0,0,0,0,0,0,0,0,0,0,0,0,0,0,0,0,0,0,0,0,0,0,0,0,0,0,0,0,0,0,0,0,0,0,0,1,1,1,1,1,2,2,2,2,2,2,2,2,2,2,2,3,3,3,3,3,3,3,3,3,3,3,3,3,3,3,3,3,3,3,3,3,3,3,3,3,3,3,3,3,3,3,3,3,3,4,4,4,4,4,4,4,4,4,4,4,4,4,4,4,4,4,4,4,4,4,4,4,4,4,4,4,4,4,4,4,4,4,4,4,4,4,5,5,5,5,5,5,5,5,5,5,6,6,6,6,6,7,8,8,8,8,8,8,8,8,8,8,8,9,9,9,9,9,9,9,9,11,11,11,11,11,11,11,11,11,11,11,11,11,11,11,11,11,11,11,12,12,13,13,13,13,14,16,16,16,16,16,20,21,22,22,22,22,22,22,23,23,23,23,23,23,23,23,23,23,23,23,23,23,23,23,23,23,23,23,24,24,24,24,24,24,24,25,25,25,25,25,25,26,26,26,26,26,27,27,28,28,28,28,28,29,29,29,30,30,30,30,30,30,30,30,30,30,30,30,30,30,31,31,31,31,31,31,31,31,31,31,32,32,34,34,34,34,34,34,34,34,34,34,34,34,34,34,35,35,35,35,35,35,35,35,35,35,35,35,35,35,35,35,35,36,36,36,36,36,36,36,36,39,39,43,43,43,43,43,43,46,47,52,52,53,54,55,55,55,55,55,57,58,58,59,60,60,60,60,60,60,61,61,64,64,66,71,71,71,80,80,80,81,81,81,81,82,82,82,82,82,86,86,86,86,86,86,119,136,180,200,205,205,212,225,231,231,240,244,244,255,255,263,270,274,274,274,286,292,295,295,300,300,300,300,300,307,308,309,309,314,314,315,316,316,316,316,316,316,318,319,319,319,320,320,320,321,321,321,321,321,321,322,322,324,324,324,326,326,326,326,326,327,327,327,327,327,327,327,327,327,327,327,327,328,328,328,328
Oshikoto,18.4153,16.9123,0,0,0,0,0,0,0,0,0,0,0,0,0,0,0,0,0,0,0,0,0,0,0,0,0,0,0,0,0,0,0,0,0,0,0,0,0,0,0,0,0,0,0,0,0,0,0,0,0,0,0,0,0,0,0,0,0,0,0,0,0,0,0,0,0,0,0,0,0,0,0,0,0,0,0,0,0,0,0,0,0,0,0,0,0,0,0,0,0,0,0,0,0,0,0,0,0,0,0,0,0,0,0,0,0,0,0,0,0,0,0,0,0,0,0,0,0,0,0,0,0,0,0,0,0,0,0,0,0,0,0,0,0,0,0,0,0,0,0,0,0,0,0,0,0,0,0,0,0,0,0,0,0,0,0,0,0,0,0,0,0,0,0,0,0,0,0,0,0,0,0,0,0,0,0,0,0,0,0,0,0,0,0,0,0,0,0,0,0,0,0,0,0,0,0,0,0,0,0,0,0,0,0,0,0,0,0,0,0,0,0,0,0,0,0,0,0,0,0,0,0,0,0,0,0,0,0,0,0,0,0,0,0,0,0,0,0,0,0,0,0,0,0,0,0,0,0,0,0,0,0,0,0,0,0,0,0,0,0,0,0,0,0,0,0,0,0,0,0,0,0,0,0,0,0,0,0,0,0,0,0,0,0,0,0,0,0,0,0,0,0,0,0,0,0,0,0,0,0,0,0,0,0,0,0,0,0,0,0,0,0,0,0,0,0,0,0,0,0,0,0,0,0,0,0,0,0,0,0,0,0,0,0,0,0,0,0,0,0,0,0,0,0,0,0,0,0,0,0,0,0,1,1,1,1,1,1,1,1,1,1,1,1,1,1,1,1,1,1,1,1,1,1,1,1,1,1,1,1,1,1,1,1,1,1,1,1,1,1,1,1,1,1,5,5,5,5,5,5,5,5,5,6,6,6,6,6,6,6,6,6,6,6,6,8,8,8,9,9,9,9,9,9,9,9,9,9,10,10,10,10,10,11,12,13,13,13,13,13,13,13,13,13,13,13,13,13,15,15,15,15,15,15,15,15,15,15,15,15,15,15,15,15,15,15,16,16,18,18,18,18,18,18,18,18,18,18,18,18,18,18,18,18,18,18,18,19,19,19,19,20,20,20,20,20,20,20,20,20,20,20,20,20,21,21,22,22,22,22,22,22,22,26,26,26,26,27,27,27,27,27,27,27,29,30,31,31,31,31,31,31,32,34,35,40,40,40,41,43,46,46,46,46,46,54,62,66,66,66,66,67,67,75,77,78,81,84,87,100,100,103,107,107,107,112,114,114,114,116,116,116,116,135,138,140,140,140,140,142,148,148,148,149,149,149,151,151,152,155,156,156,157,158,158,158,158,160,160,160,160,160,160,161,161,161,161,162,162,162,162,164,166,166,166,167,167,167,167,167,167,167,169,169,169,169,170,171,171,173,173,173,173,173,173,173,173,173,173,173
Otjizondjupa,20.5487,17.6689,0,0,0,0,0,0,0,0,0,0,0,0,0,0,0,0,0,0,0,0,0,0,0,0,0,0,0,0,0,0,0,0,0,0,0,0,0,0,0,0,0,0,0,0,0,0,0,0,0,0,0,0,0,0,0,0,0,0,0,0,0,0,0,0,0,0,0,0,0,0,0,0,0,0,0,0,0,0,0,0,0,0,0,0,0,0,0,0,0,0,0,0,0,0,0,0,0,0,0,0,0,0,0,0,0,0,0,0,0,0,0,0,0,0,0,0,0,0,0,0,0,0,0,0,0,0,0,0,0,0,0,0,0,0,0,0,0,0,0,0,0,0,0,0,0,0,0,0,0,0,0,0,0,0,0,0,0,0,0,0,0,0,0,0,0,0,0,0,0,0,0,0,0,0,0,0,0,0,0,0,0,0,0,0,0,0,0,0,0,0,0,0,0,0,0,0,0,0,0,0,0,0,0,0,0,0,0,0,0,0,0,0,0,0,0,0,0,0,0,0,0,0,0,0,0,0,0,0,0,0,0,0,0,0,0,0,0,0,0,0,0,0,1,1,1,1,1,1,1,1,1,1,1,1,1,2,2,2,2,2,2,3,3,3,4,4,5,5,5,5,5,5,5,5,5,5,5,5,5,5,5,5,5,5,5,5,5,5,5,5,5,5,5,5,5,5,5,5,5,5,5,5,5,5,5,5,5,5,5,5,5,5,5,5,5,5,5,5,5,5,5,5,5,5,5,5,5,5,5,5,5,5,5,5,5,5,5,5,5,5,5,5,5,5,5,5,5,5,5,5,5,7,7,7,7,7,8,8,8,8,8,8,8,8,10,11,11,11,11,11,11,13,13,15,15,16,17,17,19,19,19,20,20,20,21,24,24,24,24,24,25,26,26,28,28,28,28,28,29,29,29,29,29,29,29,29,29,29,29,29,29,29,29,29,30,31,31,31,32,32,33,33,33,33,34,34,34,34,34,34,34,34,34,34,34,36,36,36,39,39,39,39,39,41,41,41,43,43,43,43,43,43,44,44,44,44,44,44,44,44,45,45,47,47,47,48,49,51,53,55,55,56,56,56,56,56,56,60,60,60,60,60,60,61,61,61,61,62,62,63,63,64,65,65,65,66,67,68,68,68,68,68,69,69,69,69,69,69,70,70,70,70,70,71,71,71,78,82,82,84,84,85,85,87,90,91,91,94,94,94,97,100,104,104,106,113,113,115,120,127,131,131,138,143,144,144,147,158,164,164,165,169,177,180,186,193,193,194,209,209,210,216,216,225,228,232,235,240,243,248,248,251,251,257,257,257,261,261,261,261,263,264,265,266,266,269,269,269,269,269,269,269,269,269,269,269,270,270,270,270,270,270,270,270,270,270,270,270,270,270,270,270,270,270,270,270,270,270,270,270,270,270,270,270,270,270,270,270,270,270,270,270,270,270,270,270,270,270,270
Zambezi,17.8193,23.9536,0,0,0,0,0,0,0,0,0,0,0,0,0,0,0,0,0,0,0,0,0,0,0,0,0,0,0,0,0,0,0,0,0,0,0,0,0,0,0,0,0,0,0,0,0,0,0,0,0,0,0,0,0,0,0,0,0,0,0,0,0,0,0,0,0,0,0,0,0,0,0,0,0,0,0,0,0,0,0,0,0,0,0,0,0,0,0,0,0,0,0,0,0,0,0,0,0,0,0,0,0,0,0,0,0,0,0,0,0,0,0,0,0,0,0,0,0,0,0,0,0,0,0,0,0,0,0,0,0,0,0,0,0,0,0,0,0,0,0,0,0,0,0,0,0,0,0,0,0,0,0,0,0,0,0,0,0,0,0,0,0,0,0,0,0,0,0,0,0,0,0,0,0,0,0,0,0,0,0,0,0,0,0,0,0,0,0,0,0,0,0,0,0,0,0,0,0,0,0,0,0,0,0,0,0,0,0,0,0,0,0,0,0,0,0,0,0,0,0,0,0,0,0,0,0,0,0,0,0,0,0,0,0,0,0,0,0,0,0,0,0,0,0,0,0,0,0,0,0,0,0,0,0,0,0,0,0,0,0,0,0,0,0,0,0,0,0,0,0,0,0,0,0,0,0,0,0,0,0,0,0,0,0,0,0,0,0,0,0,0,0,0,0,0,0,0,0,0,0,0,0,0,0,0,0,0,0,0,0,0,0,0,0,0,0,0,0,0,0,0,0,0,0,0,0,0,0,0,0,0,0,0,0,0,0,0,0,0,0,0,0,0,0,0,0,0,0,0,0,0,0,0,0,0,0,1,1,1,1,1,1,1,1,1,2,2,2,2,2,3,3,3,3,4,4,4,4,4,4,4,4,4,4,4,4,5,5,5,6,6,7,7,7,7,7,7,7,7,7,7,7,7,7,7,7,7,7,7,7,7,7,7,7,7,7,8,8,8,8,8,8,8,8,8,8,8,8,8,8,8,8,8,8,8,8,8,9,9,9,9,9,9,10,10,10,10,10,10,10,10,10,10,10,10,10,10,10,10,10,10,10,10,10,10,10,10,10,11,11,11,11,11,11,11,11,11,11,11,11,11,11,11,11,11,11,11,11,11,12,12,13,13,13,13,13,13,13,13,14,14,14,14,14,14,14,14,14,14,14,14,14,14,14,14,14,14,15,15,15,15,15,15,15,15,15,15,16,16,16,16,16,17,17,18,19,19,20,20,21,21,21,22,23,23,27,31,31,31,31,37,39,41,41,43,43,43,48,52,56,56,60,66,66,68,68,69,70,70,73,74,78,78,78,78,78,81,82,82,82,83,85,89,94,94,94,94,100,100,100,100,103,103,103,103,103,103,103,103,103,103,103,103,103,103,103,103,103,103,105,105,105,105,105,105,105,105,105,105,105,105,105,105,105,105,105,105,105,105,105,105,105,105,105,105,105,115,115,115,115
